{
  "norm_stats": {
    "state": {
      "mean": [
        0.10704962909221649,
        0.020668212324380875,
        0.5257143974304199,
        -0.11793449521064758,
        0.3955255448818207,
        -0.10810661315917969,
        -0.07191184163093567,
        9.91019344329834
      ],
      "std": [
        0.10803330689668655,
        0.09117791801691055,
        0.08020976185798645,
        0.2971765995025635,
        0.6469626426696777,
        0.5225321650505066,
        0.18132349848747253,
        3.8537299633026123
      ],
      "q01": [
        -0.020334841683506966,
        -0.07077326625585556,
        0.37208080291748047,
        -0.613140881061554,
        -0.6830620765686035,
        -0.6826052069664001,
        -0.33664757013320923,
        3.459728479385376
      ],
      "q99": [
        0.34501269459724426,
        0.3353125751018524,
        0.698218822479248,
        0.6764143109321594,
        0.9980002641677856,
        0.7873258590698242,
        0.35349735617637634,
        12.24471378326416
      ]
    },
    "actions": {
      "mean": [
        0.0745534896850586,
        -0.2067815363407135,
        0.5489410161972046,
        0.0805499404668808,
        0.10835306346416473,
        0.10275880992412567,
        0.254549503326416,
        10.259954452514648
      ],
      "std": [
        0.03201565146446228,
        0.23782482743263245,
        0.08737386763095856,
        0.2763400673866272,
        0.2564709186553955,
        0.5940769910812378,
        0.6413649320602417,
        4.967037677764893
      ],
      "q01": [
        -0.06525082141160965,
        -0.8093796372413635,
        0.3619709014892578,
        -0.5034776329994202,
        -0.48555153608322144,
        -0.660750150680542,
        -0.6842614412307739,
        1.9191226959228516
      ],
      "q99": [
        0.1337626576423645,
        0.026547610759735107,
        0.700129508972168,
        0.5348823666572571,
        0.5648924708366394,
        0.9995182752609253,
        0.9893487095832825,
        13.500082015991211
      ]
    }
  }
}